equipment_id,equipment_type,usage_hours_per_day,last_maintenance_date,failure_logs,hospital_section
EQT0001,CT Scanner,10.44,16/05/24,0,ER
EQT0002,Ventilator,9.2,14/09/24,0,Surgery
EQT0003,Ultrasound,4.82,23/10/24,0,ICU
EQT0004,MRI,23.06,07/08/24,0,ICU
EQT0005,MRI,22.34,16/06/24,0,Outpatient
EQT0006,Ventilator,18.5,06/04/24,0,Radiology
EQT0007,Ventilator,16.11,11/12/24,0,Outpatient
EQT0008,Ventilator,3.19,01/11/24,0,ICU
EQT0009,MRI,17.48,28/03/25,0,Surgery
EQT0010,X-ray,7.21,01/08/24,0,ER
EQT0011,Ventilator,8.48,09/07/24,0,Radiology
EQT0012,CT Scanner,16.36,23/02/25,0,ICU
EQT0013,Ultrasound,12.43,05/06/24,0,ICU
EQT0014,X-ray,0.8,08/05/24,0,Surgery
EQT0015,Ventilator,16.09,06/10/24,0,Surgery
EQT0016,X-ray,12.99,02/11/24,0,Surgery
EQT0017,Ultrasound,20.89,31/01/25,0,Outpatient
EQT0018,X-ray,4.56,23/09/24,0,Surgery
EQT0019,Ultrasound,1.62,19/11/24,0,Surgery
EQT0020,MRI,4.54,05/12/24,0,Radiology
EQT0021,X-ray,12.75,08/07/24,0,Radiology
EQT0022,Ventilator,14.8,26/11/24,0,ER
EQT0023,MRI,3.85,16/03/25,0,ER
EQT0024,MRI,1.5,30/05/24,0,ER
EQT0025,Ultrasound,8.36,27/09/24,0,ER
EQT0026,Ultrasound,17.07,20/01/25,1,Radiology
EQT0027,Ultrasound,3.48,24/07/24,0,ICU
EQT0028,MRI,6.31,24/04/24,0,Surgery
EQT0029,MRI,3.42,24/09/24,0,ICU
EQT0030,Ventilator,8.46,26/05/24,0,Surgery
EQT0031,Ventilator,16.15,31/08/24,0,Radiology
EQT0032,Ventilator,0.53,10/09/24,0,Outpatient
EQT0033,Ultrasound,16.82,10/08/24,0,Radiology
EQT0034,CT Scanner,17.54,18/07/24,0,Outpatient
EQT0035,CT Scanner,23.56,29/03/25,1,Radiology
EQT0036,X-ray,19.85,17/11/24,0,ER
EQT0037,X-ray,9.08,29/12/24,0,ER
EQT0038,Ultrasound,12.87,10/09/24,1,ICU
EQT0039,Ultrasound,9.64,15/11/24,0,ICU
EQT0040,X-ray,22.08,19/10/24,0,Outpatient
EQT0041,MRI,4.15,12/05/24,0,ER
EQT0042,Ultrasound,20.73,17/03/25,1,Radiology
EQT0043,Ventilator,20.1,02/07/24,1,Surgery
EQT0044,MRI,2.75,27/08/24,0,ICU
EQT0045,MRI,5.84,26/01/25,0,Outpatient
EQT0046,X-ray,9.36,21/05/24,0,Surgery
EQT0047,Ultrasound,0.26,18/04/24,0,ER
EQT0048,X-ray,21.96,29/07/24,1,Outpatient
EQT0049,CT Scanner,2.27,05/07/24,0,ER
EQT0050,Ultrasound,2.23,22/08/24,0,Radiology
EQT0051,Ultrasound,5.96,30/07/24,0,Surgery
EQT0052,MRI,14.93,29/09/24,0,Outpatient
EQT0053,X-ray,16.75,07/05/24,0,ICU
EQT0054,X-ray,4.2,31/10/24,1,Radiology
EQT0055,CT Scanner,19.04,01/04/25,0,Outpatient
EQT0056,MRI,6.57,01/05/24,0,ICU
EQT0057,MRI,3.71,30/11/24,0,Surgery
EQT0058,Ventilator,14.91,24/05/24,1,Radiology
EQT0059,Ventilator,14.46,17/02/25,1,ER
EQT0060,X-ray,23.07,06/07/24,0,Radiology
EQT0061,Ventilator,13,26/10/24,1,Radiology
EQT0062,X-ray,13.48,10/03/25,1,ICU
EQT0063,Ventilator,1.03,22/08/24,0,Outpatient
EQT0064,Ventilator,20.11,01/05/24,0,Radiology
EQT0065,X-ray,8.6,16/03/25,0,ER
EQT0066,X-ray,19.4,11/01/25,0,Outpatient
EQT0067,X-ray,16.05,29/11/24,0,Radiology
EQT0068,X-ray,6.68,19/09/24,1,ICU
EQT0069,CT Scanner,7.07,06/07/24,0,Surgery
EQT0070,CT Scanner,4.47,01/04/25,0,Outpatient
EQT0071,X-ray,12.55,19/01/25,0,Outpatient
EQT0072,MRI,22.35,07/09/24,0,Surgery
EQT0073,Ultrasound,18.42,27/05/24,0,Radiology
EQT0074,MRI,2.65,30/04/24,0,ER
EQT0075,X-ray,21.41,18/01/25,0,ICU
EQT0076,Ultrasound,5.53,13/02/25,0,Radiology
EQT0077,Ventilator,18.44,30/07/24,1,Surgery
EQT0078,MRI,0.63,08/12/24,0,ER
EQT0079,X-ray,3.86,02/04/25,0,Radiology
EQT0080,MRI,12,05/02/25,0,ER
EQT0081,CT Scanner,3.86,30/10/24,0,Surgery
EQT0082,Ultrasound,13.84,15/11/24,1,ICU
EQT0083,MRI,20.35,18/12/24,1,Outpatient
EQT0084,CT Scanner,3.01,20/06/24,0,Surgery
EQT0085,X-ray,2,11/04/24,0,ER
EQT0086,Ultrasound,0.72,14/01/25,0,Outpatient
EQT0087,X-ray,13.59,13/11/24,0,ER
EQT0088,CT Scanner,23.64,07/04/24,0,ICU
EQT0089,CT Scanner,21.19,17/05/24,0,Radiology
EQT0090,Ultrasound,16.94,09/03/25,0,Surgery
EQT0091,Ultrasound,0.3,02/09/24,1,Radiology
EQT0092,MRI,22.62,25/08/24,1,ER
EQT0093,CT Scanner,10.55,12/07/24,0,Radiology
EQT0094,X-ray,13.25,27/05/24,0,ER
EQT0095,X-ray,6.3,16/02/25,0,Surgery
EQT0096,CT Scanner,17.16,01/01/25,0,Surgery
EQT0097,CT Scanner,17.45,14/02/25,0,Surgery
EQT0098,CT Scanner,22.65,20/07/24,1,ER
EQT0099,Ultrasound,12.32,08/09/24,0,Surgery
EQT0100,MRI,18.1,17/08/24,0,Outpatient
EQT0101,Ventilator,6.26,28/11/24,0,Radiology
EQT0102,MRI,3.84,02/06/24,1,ICU
EQT0103,CT Scanner,2.08,08/07/24,0,ER
EQT0104,MRI,1.76,23/01/25,0,Outpatient
EQT0105,Ultrasound,22.92,31/05/24,0,Radiology
EQT0106,X-ray,5.62,06/12/24,0,Surgery
EQT0107,Ventilator,0.31,01/02/25,0,Outpatient
EQT0108,CT Scanner,19.45,27/01/25,0,Radiology
EQT0109,X-ray,21.56,26/03/25,0,ICU
EQT0110,Ventilator,14.31,10/12/24,0,Radiology
EQT0111,Ultrasound,21.9,17/02/25,0,Outpatient
EQT0112,Ventilator,13.43,02/08/24,0,ER
EQT0113,MRI,15.41,17/02/25,0,Outpatient
EQT0114,Ventilator,15.74,09/11/24,0,ICU
EQT0115,Ultrasound,3.58,15/07/24,1,ER
EQT0116,CT Scanner,3.53,07/06/24,0,ICU
EQT0117,X-ray,14.25,26/01/25,0,Radiology
EQT0118,X-ray,18.88,17/11/24,0,ER
EQT0119,Ultrasound,7.89,21/05/24,0,Outpatient
EQT0120,Ultrasound,11.39,09/05/24,0,Radiology
EQT0121,MRI,13.62,17/09/24,0,ER
EQT0122,Ventilator,18.86,06/02/25,0,ER
EQT0123,Ventilator,21.75,24/04/24,0,ER
EQT0124,MRI,10.41,08/04/24,0,Outpatient
EQT0125,Ventilator,16.84,28/03/25,0,Radiology
EQT0126,CT Scanner,0.72,18/06/24,1,Outpatient
EQT0127,Ultrasound,3.86,28/02/25,0,ICU
EQT0128,Ventilator,18.01,28/05/24,1,Surgery
EQT0129,Ultrasound,13.19,04/03/25,1,Radiology
EQT0130,X-ray,11.93,27/07/24,0,Radiology
EQT0131,Ventilator,8.48,04/05/24,1,Radiology
EQT0132,Ventilator,22.5,17/11/24,0,Outpatient
EQT0133,CT Scanner,23.74,06/04/24,0,Surgery
EQT0134,MRI,19.23,05/12/24,0,ER
EQT0135,Ultrasound,9.75,28/01/25,0,Radiology
EQT0136,Ventilator,7.95,26/09/24,0,ICU
EQT0137,CT Scanner,6.19,29/04/24,0,ICU
EQT0138,X-ray,22.69,12/09/24,0,Surgery
EQT0139,Ultrasound,4.56,04/12/24,0,ER
EQT0140,Ultrasound,20.52,09/07/24,0,Outpatient
EQT0141,CT Scanner,11.51,12/05/24,0,ICU
EQT0142,Ultrasound,14.83,15/09/24,0,Radiology
EQT0143,X-ray,0.59,30/05/24,0,Outpatient
EQT0144,Ultrasound,10.69,01/08/24,1,Radiology
EQT0145,Ventilator,6.36,28/12/24,0,Radiology
EQT0146,MRI,16.62,19/01/25,0,ER
EQT0147,MRI,19.54,19/01/25,0,ICU
EQT0148,Ventilator,0.08,23/03/25,0,Outpatient
EQT0149,Ultrasound,8.93,04/11/24,0,Outpatient
EQT0150,MRI,17.85,02/03/25,0,ICU
EQT0151,Ventilator,14.81,10/11/24,0,ER
EQT0152,X-ray,11.69,03/07/24,0,Radiology
EQT0153,Ultrasound,21.36,30/09/24,0,Radiology
EQT0154,Ventilator,5.1,11/02/25,0,ER
EQT0155,MRI,11.96,09/09/24,0,Radiology
EQT0156,Ultrasound,14.21,18/07/24,0,Surgery
EQT0157,Ventilator,21.61,07/02/25,1,ER
EQT0158,X-ray,23.61,02/01/25,0,ICU
EQT0159,X-ray,3.44,20/01/25,0,Surgery
EQT0160,Ultrasound,20.49,20/08/24,0,ER
EQT0161,Ultrasound,22.09,21/08/24,0,Outpatient
EQT0162,Ultrasound,15.04,12/02/25,0,ICU
EQT0163,CT Scanner,17.47,20/05/24,0,Outpatient
EQT0164,X-ray,10,27/12/24,1,Surgery
EQT0165,MRI,8.82,11/02/25,0,ICU
EQT0166,MRI,3.68,15/09/24,0,ICU
EQT0167,X-ray,3.17,04/03/25,0,ER
EQT0168,CT Scanner,22.9,02/08/24,0,ER
EQT0169,CT Scanner,14.63,09/12/24,0,ICU
EQT0170,Ventilator,5.41,03/04/25,0,ER
EQT0171,Ventilator,20.96,05/08/24,0,ER
EQT0172,Ultrasound,11.76,28/02/25,0,ER
EQT0173,X-ray,11.96,04/05/24,0,Radiology
EQT0174,X-ray,8.62,04/06/24,0,Outpatient
EQT0175,MRI,2.61,16/10/24,0,Outpatient
EQT0176,CT Scanner,2.73,27/12/24,0,Outpatient
EQT0177,MRI,4.68,04/10/24,0,Surgery
EQT0178,Ultrasound,8.81,03/05/24,0,ER
EQT0179,X-ray,21.33,27/11/24,0,Radiology
EQT0180,Ventilator,1.16,04/02/25,0,ER
EQT0181,MRI,14.99,26/10/24,1,Surgery
EQT0182,CT Scanner,18.2,28/09/24,0,ICU
EQT0183,CT Scanner,8.1,12/08/24,0,Outpatient
EQT0184,Ultrasound,18.89,13/09/24,0,ICU
EQT0185,MRI,14,13/01/25,0,Outpatient
EQT0186,MRI,18.61,08/04/24,0,Outpatient
EQT0187,MRI,12.63,01/02/25,0,ICU
EQT0188,Ultrasound,16.59,02/10/24,0,Radiology
EQT0189,CT Scanner,14.83,08/08/24,0,Surgery
EQT0190,X-ray,10.87,16/03/25,0,Radiology
EQT0191,CT Scanner,23.81,05/04/24,1,Surgery
EQT0192,CT Scanner,0.59,05/07/24,0,Radiology
EQT0193,MRI,13.92,27/11/24,0,Outpatient
EQT0194,Ventilator,17.43,07/01/25,0,ER
EQT0195,Ventilator,0.19,16/01/25,0,Surgery
EQT0196,X-ray,19.17,05/08/24,0,Surgery
EQT0197,Ventilator,3.46,02/05/24,0,ICU
EQT0198,MRI,18.35,07/05/24,0,ER
EQT0199,Ventilator,1.53,12/12/24,0,ER
EQT0200,Ultrasound,21.99,22/04/24,0,ICU
EQT0201,MRI,16.09,25/10/24,0,Surgery
EQT0202,Ultrasound,8.89,26/12/24,0,ER
EQT0203,Ultrasound,10.47,13/01/25,0,ICU
EQT0204,Ultrasound,5.1,21/12/24,0,ICU
EQT0205,Ultrasound,9.71,15/01/25,0,Radiology
EQT0206,MRI,17.47,10/11/24,0,Outpatient
EQT0207,X-ray,19.27,25/08/24,0,Surgery
EQT0208,Ventilator,23.47,09/01/25,0,Surgery
EQT0209,Ultrasound,11.79,18/05/24,1,Surgery
EQT0210,MRI,8.43,05/02/25,1,Radiology
EQT0211,MRI,5.89,07/12/24,0,ER
EQT0212,Ultrasound,13.1,12/06/24,0,ER
EQT0213,CT Scanner,14.71,01/03/25,1,ICU
EQT0214,MRI,8.64,14/01/25,0,ER
EQT0215,X-ray,5.66,17/02/25,1,ICU
EQT0216,Ultrasound,17.7,31/01/25,0,Radiology
EQT0217,Ventilator,18.23,30/12/24,0,ICU
EQT0218,Ultrasound,17.65,16/07/24,0,Surgery
EQT0219,MRI,6.23,22/12/24,0,Outpatient
EQT0220,X-ray,3.24,12/12/24,0,Surgery
EQT0221,MRI,13.6,30/11/24,0,ER
EQT0222,X-ray,13.93,24/10/24,0,ER
EQT0223,Ultrasound,13.33,05/07/24,0,Outpatient
EQT0224,Ultrasound,5.23,21/03/25,0,ER
EQT0225,Ultrasound,12.46,09/02/25,0,Surgery
EQT0226,MRI,5.26,20/02/25,0,Radiology
EQT0227,Ventilator,14.37,08/05/24,0,Radiology
EQT0228,MRI,22.29,23/02/25,0,Surgery
EQT0229,Ultrasound,3.2,17/02/25,0,Radiology
EQT0230,Ventilator,23.23,05/06/24,0,ICU
EQT0231,Ventilator,17.14,15/01/25,0,ICU
EQT0232,X-ray,23.8,06/10/24,1,ICU
EQT0233,CT Scanner,5.42,28/02/25,0,ICU
EQT0234,X-ray,13.44,14/11/24,0,ICU
EQT0235,Ultrasound,1.41,19/04/24,0,Surgery
EQT0236,Ventilator,7.24,18/05/24,0,Radiology
EQT0237,CT Scanner,14.36,01/06/24,0,ER
EQT0238,Ventilator,23.07,02/06/24,0,Outpatient
EQT0239,MRI,21.15,26/06/24,0,Radiology
EQT0240,CT Scanner,7.11,09/03/25,0,Radiology
EQT0241,Ultrasound,23.54,30/07/24,0,ER
EQT0242,X-ray,15.39,23/08/24,0,ICU
EQT0243,X-ray,15.91,23/05/24,0,Surgery
EQT0244,MRI,6.41,03/09/24,0,Outpatient
EQT0245,X-ray,0.86,28/12/24,0,Surgery
EQT0246,Ventilator,13.65,21/12/24,0,Surgery
EQT0247,X-ray,20.56,13/01/25,0,Outpatient
EQT0248,Ventilator,17.66,10/07/24,0,Outpatient
EQT0249,MRI,10.55,29/09/24,0,Radiology
EQT0250,CT Scanner,23.2,24/08/24,1,Surgery
EQT0251,Ventilator,9.21,21/04/24,0,ICU
EQT0252,MRI,7.46,03/02/25,0,Radiology
EQT0253,Ultrasound,1.11,13/01/25,0,ER
EQT0254,MRI,16.24,17/04/24,1,ER
EQT0255,CT Scanner,15.24,14/07/24,0,ER
EQT0256,X-ray,1.61,17/02/25,0,Outpatient
EQT0257,MRI,3.37,12/09/24,0,Outpatient
EQT0258,Ultrasound,1.64,27/02/25,0,ICU
EQT0259,X-ray,1.1,12/11/24,0,ICU
EQT0260,X-ray,1.91,17/12/24,0,Outpatient
EQT0261,MRI,19.26,19/05/24,0,Surgery
EQT0262,Ultrasound,21.74,19/10/24,0,ICU
EQT0263,X-ray,17.96,27/04/24,0,Surgery
EQT0264,X-ray,1.86,09/08/24,0,ICU
EQT0265,Ventilator,8.93,15/03/25,1,Radiology
EQT0266,X-ray,11.1,27/10/24,0,ICU
EQT0267,Ventilator,4.71,15/04/24,0,Radiology
EQT0268,X-ray,19.42,21/09/24,0,ER
EQT0269,CT Scanner,9.07,19/04/24,0,Radiology
EQT0270,CT Scanner,23.52,27/09/24,0,ICU
EQT0271,MRI,2.98,18/06/24,0,Radiology
EQT0272,MRI,16.91,15/12/24,0,Radiology
EQT0273,X-ray,21.02,03/08/24,0,ER
EQT0274,Ultrasound,23.12,10/11/24,0,Surgery
EQT0275,Ventilator,19.97,26/06/24,0,ICU
EQT0276,Ventilator,18.41,16/10/24,0,ER
EQT0277,MRI,10.38,02/04/25,0,Outpatient
EQT0278,MRI,23.42,26/10/24,1,Surgery
EQT0279,X-ray,16.67,08/12/24,1,ER
EQT0280,X-ray,5.54,02/04/25,0,ER
EQT0281,Ultrasound,9.43,07/06/24,0,Radiology
EQT0282,Ultrasound,17.14,31/05/24,1,Outpatient
EQT0283,MRI,6.59,25/06/24,0,Outpatient
EQT0284,X-ray,1.76,22/10/24,0,Surgery
EQT0285,Ultrasound,13.71,11/11/24,0,Radiology
EQT0286,CT Scanner,6.13,24/10/24,0,Radiology
EQT0287,MRI,13.07,05/03/25,0,Outpatient
EQT0288,CT Scanner,13.08,24/04/24,0,Surgery
EQT0289,Ultrasound,18.64,18/07/24,1,Surgery
EQT0290,MRI,5.6,23/10/24,0,Radiology
EQT0291,Ultrasound,0.16,27/11/24,0,Surgery
EQT0292,MRI,20.36,02/11/24,0,ICU
EQT0293,CT Scanner,5.72,06/06/24,0,ICU
EQT0294,X-ray,6.88,07/09/24,0,ICU
EQT0295,CT Scanner,1.28,24/07/24,0,Radiology
EQT0296,Ultrasound,12.65,04/07/24,0,ER
EQT0297,Ultrasound,16.78,18/04/24,1,ER
EQT0298,X-ray,9.31,30/09/24,0,Outpatient
EQT0299,Ultrasound,10.27,07/06/24,0,ICU
EQT0300,Ultrasound,20.73,03/07/24,1,Outpatient
EQT0301,Ultrasound,3.51,21/03/25,0,Surgery
EQT0302,CT Scanner,22.42,05/11/24,0,ER
EQT0303,CT Scanner,3.31,02/06/24,0,Outpatient
EQT0304,MRI,2.79,12/08/24,0,Surgery
EQT0305,Ventilator,18.73,27/08/24,0,Surgery
EQT0306,Ultrasound,5.86,28/09/24,0,ER
EQT0307,Ultrasound,21.16,23/11/24,0,ICU
EQT0308,Ultrasound,13.66,11/01/25,0,Radiology
EQT0309,CT Scanner,7.09,05/12/24,0,Surgery
EQT0310,CT Scanner,21.44,12/03/25,0,ICU
EQT0311,Ultrasound,17.77,06/10/24,0,ICU
EQT0312,CT Scanner,23.93,07/10/24,0,ICU
EQT0313,Ultrasound,19.91,06/04/24,0,ER
EQT0314,X-ray,0.56,05/01/25,0,Outpatient
EQT0315,Ventilator,15.27,24/04/24,0,ER
EQT0316,Ultrasound,21.8,01/06/24,0,ER
EQT0317,Ultrasound,21.82,21/12/24,0,Radiology
EQT0318,Ventilator,10.35,18/01/25,0,Surgery
EQT0319,Ultrasound,8.88,03/10/24,0,ER
EQT0320,X-ray,4.36,28/05/24,0,Radiology
EQT0321,MRI,1.17,11/11/24,1,ER
EQT0322,Ultrasound,9.43,01/10/24,0,Radiology
EQT0323,MRI,6.07,02/02/25,0,ICU
EQT0324,MRI,12.96,21/05/24,1,Outpatient
EQT0325,MRI,13.93,17/06/24,0,ER
EQT0326,X-ray,20.81,19/08/24,0,Surgery
EQT0327,CT Scanner,22.75,27/03/25,0,ER
EQT0328,CT Scanner,13.68,16/11/24,0,ER
EQT0329,Ultrasound,1.93,22/06/24,0,Outpatient
EQT0330,Ventilator,14.76,12/09/24,0,ICU
EQT0331,Ultrasound,11.73,12/05/24,0,Surgery
EQT0332,Ultrasound,5.2,05/04/24,1,ICU
EQT0333,X-ray,2.93,29/09/24,0,ER
EQT0334,MRI,11.01,01/05/24,0,ICU
EQT0335,MRI,10.8,06/08/24,0,ER
EQT0336,CT Scanner,18.67,23/11/24,0,Radiology
EQT0337,Ventilator,6.99,15/11/24,1,Radiology
EQT0338,CT Scanner,19.51,20/12/24,0,Surgery
EQT0339,MRI,20.33,06/03/25,0,Radiology
EQT0340,MRI,21.89,23/09/24,0,ICU
EQT0341,Ventilator,10.89,01/08/24,0,Surgery
EQT0342,X-ray,2.84,24/01/25,0,Radiology
EQT0343,Ventilator,12.84,05/09/24,0,Outpatient
EQT0344,Ultrasound,3.63,14/02/25,0,Outpatient
EQT0345,Ultrasound,19.42,07/02/25,0,Surgery
EQT0346,MRI,2.87,13/08/24,0,Radiology
EQT0347,MRI,17.52,07/08/24,0,ICU
EQT0348,CT Scanner,21.55,14/05/24,1,Radiology
EQT0349,MRI,13.9,12/09/24,1,Radiology
EQT0350,Ultrasound,6.54,13/10/24,1,ICU
EQT0351,MRI,9.7,07/04/24,0,Outpatient
EQT0352,CT Scanner,5.04,07/02/25,0,ER
EQT0353,X-ray,1.75,21/06/24,0,Surgery
EQT0354,MRI,12.45,28/10/24,0,ICU
EQT0355,Ventilator,17.06,09/09/24,0,ER
EQT0356,MRI,13.24,13/09/24,0,ER
EQT0357,Ventilator,1.22,12/09/24,1,Outpatient
EQT0358,Ultrasound,2.49,28/07/24,0,Surgery
EQT0359,MRI,21.89,12/07/24,0,Outpatient
EQT0360,Ultrasound,7.53,30/12/24,0,Outpatient
EQT0361,MRI,9.81,08/01/25,0,ER
EQT0362,MRI,21.4,08/11/24,0,ER
EQT0363,MRI,11.98,11/05/24,0,Outpatient
EQT0364,Ultrasound,15.71,31/05/24,0,ICU
EQT0365,X-ray,17.66,27/11/24,1,ER
EQT0366,X-ray,19.43,06/05/24,0,ICU
EQT0367,CT Scanner,6.28,07/05/24,0,ICU
EQT0368,Ventilator,9.71,09/07/24,0,Outpatient
EQT0369,Ultrasound,11.25,13/06/24,0,Outpatient
EQT0370,CT Scanner,11.91,05/03/25,0,Radiology
EQT0371,X-ray,2.94,05/07/24,0,ICU
EQT0372,MRI,23.72,04/12/24,0,Surgery
EQT0373,Ventilator,14.48,16/03/25,0,Radiology
EQT0374,Ventilator,12.67,26/01/25,0,ER
EQT0375,Ultrasound,6.64,07/10/24,0,ICU
EQT0376,Ventilator,2.64,29/04/24,0,ER
EQT0377,MRI,3.01,25/02/25,0,Surgery
EQT0378,X-ray,23.77,18/08/24,0,Surgery
EQT0379,Ultrasound,15.54,13/03/25,0,ICU
EQT0380,MRI,4.79,15/03/25,0,ICU
EQT0381,Ventilator,17.63,06/09/24,0,Outpatient
EQT0382,CT Scanner,3.16,10/11/24,1,Outpatient
EQT0383,CT Scanner,7.05,23/05/24,0,ER
EQT0384,Ultrasound,14.21,14/11/24,0,ICU
EQT0385,MRI,21.49,27/09/24,0,ICU
EQT0386,MRI,14.74,23/03/25,0,Outpatient
EQT0387,Ultrasound,2.13,15/06/24,0,ICU
EQT0388,MRI,4.82,30/12/24,0,Outpatient
EQT0389,Ventilator,13.68,11/01/25,0,Radiology
EQT0390,CT Scanner,0.6,11/09/24,1,Radiology
EQT0391,Ventilator,16.96,22/11/24,0,ER
EQT0392,X-ray,6.18,07/05/24,0,Radiology
EQT0393,CT Scanner,17.32,24/08/24,0,Surgery
EQT0394,Ultrasound,12.22,04/07/24,0,Surgery
EQT0395,X-ray,3.1,20/05/24,1,Outpatient
EQT0396,Ventilator,14.64,02/09/24,0,Surgery
EQT0397,CT Scanner,8.67,18/08/24,0,Outpatient
EQT0398,CT Scanner,3.22,23/07/24,0,ICU
EQT0399,CT Scanner,0.44,18/02/25,0,ER
EQT0400,Ultrasound,5.78,07/09/24,1,Outpatient
EQT0401,Ventilator,19.9,14/03/25,0,ICU
EQT0402,Ultrasound,0.66,13/03/25,1,ICU
EQT0403,X-ray,7.49,27/10/24,0,Outpatient
EQT0404,X-ray,18.24,19/01/25,1,ER
EQT0405,Ventilator,7.9,19/12/24,0,Outpatient
EQT0406,MRI,20.34,10/07/24,0,Surgery
EQT0407,CT Scanner,18.65,19/05/24,0,ICU
EQT0408,CT Scanner,2.84,03/05/24,1,Radiology
EQT0409,Ultrasound,10.44,23/06/24,0,ER
EQT0410,Ultrasound,16.38,19/01/25,0,ER
EQT0411,MRI,22.83,02/07/24,0,ER
EQT0412,CT Scanner,1.57,24/06/24,1,Outpatient
EQT0413,MRI,18.95,30/08/24,0,Outpatient
EQT0414,CT Scanner,5.53,24/12/24,0,Outpatient
EQT0415,CT Scanner,15.44,07/11/24,1,ER
EQT0416,Ultrasound,8.03,12/11/24,0,Radiology
EQT0417,CT Scanner,2.07,31/05/24,0,ICU
EQT0418,Ultrasound,9.91,22/02/25,0,Surgery
EQT0419,MRI,19.93,21/01/25,0,ER
EQT0420,Ventilator,21.91,17/04/24,0,Surgery
EQT0421,Ventilator,12.19,05/11/24,1,Outpatient
EQT0422,Ventilator,10.8,23/04/24,0,Outpatient
EQT0423,X-ray,22.45,14/12/24,0,ER
EQT0424,Ventilator,18.29,29/01/25,1,Outpatient
EQT0425,Ventilator,17.45,02/06/24,0,Outpatient
EQT0426,MRI,17.36,26/02/25,0,ICU
EQT0427,MRI,2.52,15/04/24,0,Surgery
EQT0428,CT Scanner,15.35,30/06/24,0,ER
EQT0429,X-ray,6.84,11/05/24,0,Outpatient
EQT0430,CT Scanner,9.38,21/05/24,0,Outpatient
EQT0431,MRI,0.76,12/06/24,0,Surgery
EQT0432,Ultrasound,3.01,21/11/24,0,ICU
EQT0433,Ultrasound,22.86,12/09/24,0,ER
EQT0434,CT Scanner,10.46,01/08/24,0,ER
EQT0435,MRI,12.07,18/10/24,0,ER
EQT0436,Ventilator,20.18,16/07/24,0,Radiology
EQT0437,X-ray,9.67,10/03/25,1,Surgery
EQT0438,X-ray,12.42,10/05/24,0,Radiology
EQT0439,MRI,13.74,30/01/25,0,Radiology
EQT0440,X-ray,17.64,14/10/24,0,Surgery
EQT0441,Ultrasound,23.26,28/06/24,0,Surgery
EQT0442,Ultrasound,17.29,14/06/24,1,Surgery
EQT0443,Ventilator,8.12,14/11/24,0,Outpatient
EQT0444,Ultrasound,1.22,01/05/24,0,Surgery
EQT0445,Ultrasound,3.11,21/01/25,0,Outpatient
EQT0446,Ventilator,2.88,21/12/24,0,ER
EQT0447,Ultrasound,18.12,18/09/24,1,Outpatient
EQT0448,Ventilator,18.91,29/03/25,1,ICU
EQT0449,X-ray,21.84,25/09/24,0,Surgery
EQT0450,Ultrasound,16.42,07/03/25,0,Outpatient
EQT0451,Ultrasound,12.76,04/06/24,0,ER
EQT0452,MRI,10.25,04/06/24,1,Surgery
EQT0453,Ultrasound,22.07,26/10/24,0,Radiology
EQT0454,X-ray,4.3,26/04/24,0,Surgery
EQT0455,Ventilator,2.94,29/12/24,1,ER
EQT0456,Ventilator,11.83,25/03/25,0,Outpatient
EQT0457,Ultrasound,12.34,05/09/24,0,Outpatient
EQT0458,Ventilator,18.67,04/07/24,0,ICU
EQT0459,Ultrasound,5.8,11/03/25,0,ICU
EQT0460,MRI,4.03,23/11/24,0,Radiology
EQT0461,CT Scanner,22.1,24/09/24,1,Outpatient
EQT0462,Ultrasound,16.78,30/04/24,0,ER
EQT0463,Ultrasound,4.56,30/04/24,0,Outpatient
EQT0464,X-ray,14.51,03/12/24,1,ER
EQT0465,Ultrasound,0.63,25/02/25,0,ER
EQT0466,X-ray,22.17,24/05/24,0,ER
EQT0467,X-ray,15.24,19/10/24,0,Radiology
EQT0468,MRI,9.51,02/04/25,0,Surgery
EQT0469,Ventilator,16.2,20/05/24,0,Outpatient
EQT0470,Ultrasound,6.18,15/05/24,0,Radiology
EQT0471,Ventilator,9.88,10/10/24,0,Radiology
EQT0472,MRI,21.98,31/12/24,1,ER
EQT0473,X-ray,6.55,02/06/24,0,Surgery
EQT0474,MRI,0.39,24/02/25,0,ER
EQT0475,CT Scanner,4.62,02/10/24,0,Radiology
EQT0476,Ultrasound,9.83,01/08/24,0,ER
EQT0477,Ultrasound,11.26,04/02/25,1,Outpatient
EQT0478,Ventilator,0.99,26/12/24,1,Surgery
EQT0479,X-ray,2.96,25/05/24,0,Radiology
EQT0480,Ultrasound,7.71,11/11/24,0,Radiology
EQT0481,Ultrasound,7.71,03/08/24,0,ER
EQT0482,X-ray,14.47,14/12/24,0,ER
EQT0483,MRI,18.26,30/10/24,0,Radiology
EQT0484,X-ray,18.96,13/01/25,0,ER
EQT0485,Ultrasound,17.15,04/05/24,0,ER
EQT0486,MRI,15.69,07/01/25,0,Surgery
EQT0487,Ventilator,16.37,09/01/25,0,Radiology
EQT0488,MRI,13.37,31/05/24,0,Outpatient
EQT0489,MRI,19.62,31/10/24,0,Outpatient
EQT0490,CT Scanner,5.36,12/12/24,0,Surgery
EQT0491,Ultrasound,2.64,17/12/24,0,Surgery
EQT0492,MRI,11.45,22/06/24,0,ICU
EQT0493,CT Scanner,11.41,14/06/24,0,Surgery
EQT0494,MRI,23.59,17/01/25,0,ER
EQT0495,Ventilator,20.31,02/09/24,0,ER
EQT0496,Ultrasound,1.1,12/04/24,0,Outpatient
EQT0497,Ultrasound,6.6,01/03/25,0,Outpatient
EQT0498,Ventilator,1.71,05/06/24,0,Outpatient
EQT0499,MRI,14.11,06/06/24,0,ICU
EQT0500,Ultrasound,20.78,23/05/24,0,ICU
EQT0501,CT Scanner,19.8,18/12/24,0,ER
EQT0502,CT Scanner,11.58,05/03/25,0,Outpatient
EQT0503,X-ray,6.87,24/01/25,0,Radiology
EQT0504,X-ray,14,20/09/24,0,Outpatient
EQT0505,CT Scanner,4.52,31/05/24,0,ER
EQT0506,MRI,2,19/01/25,0,ER
EQT0507,Ultrasound,8.11,24/04/24,0,ER
EQT0508,Ventilator,15.69,29/05/24,0,Surgery
EQT0509,X-ray,17.88,05/03/25,0,Radiology
EQT0510,MRI,5.93,13/06/24,1,ICU
EQT0511,X-ray,0.17,20/02/25,0,Radiology
EQT0512,Ventilator,23.34,17/09/24,0,ICU
EQT0513,Ventilator,9.76,17/03/25,1,Surgery
EQT0514,Ventilator,8.65,02/06/24,0,ICU
EQT0515,X-ray,12.81,29/07/24,0,Radiology
EQT0516,Ventilator,21.06,25/02/25,0,ICU
EQT0517,Ventilator,11.99,16/12/24,0,Outpatient
EQT0518,CT Scanner,10.36,17/09/24,1,Radiology
EQT0519,Ventilator,20.91,14/01/25,0,Radiology
EQT0520,CT Scanner,20.1,06/04/24,0,Surgery
EQT0521,MRI,20.09,30/07/24,0,Outpatient
EQT0522,Ultrasound,8.43,29/11/24,0,ICU
EQT0523,X-ray,17.67,03/11/24,0,Surgery
EQT0524,Ultrasound,12.16,06/08/24,0,Radiology
EQT0525,MRI,0.65,12/06/24,0,ICU
EQT0526,X-ray,16.2,23/11/24,0,Radiology
EQT0527,MRI,6.19,04/05/24,0,Surgery
EQT0528,Ultrasound,0.78,03/09/24,0,ER
EQT0529,X-ray,11.47,15/02/25,0,ICU
EQT0530,Ultrasound,14.68,16/08/24,0,Radiology
EQT0531,Ultrasound,3.96,18/06/24,1,Outpatient
EQT0532,X-ray,9.82,20/02/25,0,Surgery
EQT0533,X-ray,14.5,19/04/24,0,ER
EQT0534,MRI,22.78,16/05/24,0,ICU
EQT0535,Ventilator,8.28,08/02/25,0,ICU
EQT0536,Ventilator,12.3,12/12/24,0,Radiology
EQT0537,CT Scanner,17.2,30/08/24,0,ER
EQT0538,Ventilator,13.04,04/04/24,0,Outpatient
EQT0539,Ventilator,23.74,15/08/24,0,ER
EQT0540,CT Scanner,23.41,05/10/24,0,Outpatient
EQT0541,CT Scanner,10.85,17/09/24,0,Radiology
EQT0542,Ventilator,17.24,11/05/24,0,Radiology
EQT0543,Ultrasound,1.45,12/04/24,0,ER
EQT0544,MRI,5.28,28/04/24,1,Surgery
EQT0545,X-ray,3.9,17/03/25,0,ER
EQT0546,CT Scanner,19.09,24/06/24,0,Surgery
EQT0547,X-ray,17.59,07/09/24,1,Radiology
EQT0548,CT Scanner,23.6,24/05/24,0,Radiology
EQT0549,Ultrasound,17.58,04/11/24,0,ER
EQT0550,Ultrasound,22.96,09/01/25,0,ER
EQT0551,Ultrasound,11.31,07/05/24,0,Surgery
EQT0552,Ultrasound,20.72,30/12/24,0,Outpatient
EQT0553,Ultrasound,9.77,01/12/24,0,ICU
EQT0554,Ventilator,17.39,10/05/24,0,Radiology
EQT0555,Ultrasound,3.87,01/09/24,0,Surgery
EQT0556,Ventilator,4.08,01/06/24,0,Radiology
EQT0557,MRI,9.62,02/04/25,0,ICU
EQT0558,CT Scanner,19.47,15/08/24,0,ER
EQT0559,X-ray,21.43,01/09/24,1,Surgery
EQT0560,CT Scanner,14.62,27/02/25,0,ICU
EQT0561,X-ray,19.19,28/01/25,0,Radiology
EQT0562,Ultrasound,13.81,09/12/24,0,Radiology
EQT0563,Ultrasound,20.26,26/12/24,0,ER
EQT0564,MRI,2.87,23/11/24,0,Outpatient
EQT0565,Ultrasound,0.95,28/04/24,0,ICU
EQT0566,CT Scanner,17.15,20/11/24,0,Surgery
EQT0567,Ultrasound,20.2,16/01/25,0,Outpatient
EQT0568,X-ray,14.88,14/06/24,1,Outpatient
EQT0569,X-ray,2.72,08/02/25,0,ER
EQT0570,CT Scanner,20.15,01/12/24,0,Outpatient
EQT0571,Ventilator,2.36,11/04/24,0,Surgery
EQT0572,X-ray,0.69,09/01/25,0,ER
EQT0573,CT Scanner,11.92,16/08/24,0,Outpatient
EQT0574,X-ray,5.83,19/02/25,1,ER
EQT0575,MRI,18.96,07/10/24,0,Surgery
EQT0576,CT Scanner,12.18,10/12/24,0,Surgery
EQT0577,CT Scanner,1.68,31/03/25,0,Outpatient
EQT0578,X-ray,20.18,01/08/24,0,Radiology
EQT0579,CT Scanner,7.3,17/08/24,0,Outpatient
EQT0580,Ventilator,7.39,13/07/24,0,Surgery
EQT0581,X-ray,0.31,02/10/24,0,Outpatient
EQT0582,X-ray,1.14,03/06/24,0,ER
EQT0583,MRI,18.3,19/12/24,0,ICU
EQT0584,X-ray,4.73,21/02/25,1,ER
EQT0585,X-ray,13.82,23/12/24,0,Outpatient
EQT0586,X-ray,18.01,12/08/24,0,ICU
EQT0587,Ultrasound,9.25,13/03/25,1,ICU
EQT0588,Ventilator,19.58,01/01/25,0,ER
EQT0589,CT Scanner,9.05,10/02/25,0,Surgery
EQT0590,Ventilator,22.74,04/03/25,0,Radiology
EQT0591,X-ray,0.18,19/12/24,1,ICU
EQT0592,MRI,12.31,01/09/24,0,ICU
EQT0593,X-ray,11.26,07/01/25,0,ICU
EQT0594,X-ray,14.28,19/06/24,1,Surgery
EQT0595,Ventilator,23.53,12/02/25,0,ER
EQT0596,Ultrasound,7.27,15/02/25,0,Surgery
EQT0597,Ventilator,10.38,26/05/24,0,ER
EQT0598,X-ray,12.47,17/07/24,0,ICU
EQT0599,Ultrasound,9.5,25/10/24,0,Surgery
EQT0600,X-ray,21.55,14/12/24,0,ICU
EQT0601,Ultrasound,14.69,30/07/24,1,Surgery
EQT0602,X-ray,0.25,12/05/24,1,Outpatient
EQT0603,X-ray,4.07,30/08/24,0,Surgery
EQT0604,MRI,0.95,23/03/25,0,Outpatient
EQT0605,Ultrasound,11.41,01/05/24,1,ER
EQT0606,X-ray,0.92,12/12/24,0,Surgery
EQT0607,Ultrasound,13.81,20/08/24,0,Radiology
EQT0608,CT Scanner,16.98,15/09/24,0,ICU
EQT0609,Ventilator,14.02,06/06/24,1,Radiology
EQT0610,CT Scanner,20.49,20/01/25,0,ER
EQT0611,Ventilator,7.42,10/10/24,0,Radiology
EQT0612,MRI,4.71,20/03/25,0,ICU
EQT0613,Ventilator,22.75,28/07/24,0,Surgery
EQT0614,Ventilator,10.06,09/10/24,0,Outpatient
EQT0615,CT Scanner,1.95,16/05/24,0,Surgery
EQT0616,MRI,17.8,03/08/24,0,ICU
EQT0617,Ultrasound,5.29,02/06/24,0,Outpatient
EQT0618,X-ray,12.42,24/06/24,1,ER
EQT0619,Ventilator,22.36,07/06/24,1,Radiology
EQT0620,X-ray,13.64,19/01/25,0,Outpatient
EQT0621,MRI,18.56,21/10/24,1,Radiology
EQT0622,X-ray,2.46,20/06/24,0,Outpatient
EQT0623,CT Scanner,15.13,07/11/24,1,Surgery
EQT0624,Ultrasound,11.71,15/11/24,0,Surgery
EQT0625,MRI,4.5,02/12/24,0,ICU
EQT0626,X-ray,10.3,05/11/24,0,Radiology
EQT0627,MRI,23.39,20/11/24,0,Radiology
EQT0628,CT Scanner,8.66,11/06/24,0,ER
EQT0629,CT Scanner,22.96,22/08/24,0,ICU
EQT0630,X-ray,10.77,06/06/24,1,ER
EQT0631,Ultrasound,23.19,02/01/25,0,Surgery
EQT0632,Ultrasound,15.66,23/07/24,0,Surgery
EQT0633,MRI,14.48,07/12/24,0,ICU
EQT0634,Ventilator,7.34,13/04/24,1,Surgery
EQT0635,X-ray,23.07,24/06/24,0,Radiology
EQT0636,Ventilator,23.37,13/09/24,0,Surgery
EQT0637,X-ray,4.74,03/11/24,0,ER
EQT0638,X-ray,12.44,31/07/24,0,Radiology
EQT0639,CT Scanner,8.6,08/10/24,0,Outpatient
EQT0640,CT Scanner,2.78,06/01/25,0,Surgery
EQT0641,CT Scanner,22.28,12/10/24,0,Outpatient
EQT0642,X-ray,10.79,22/04/24,0,Outpatient
EQT0643,X-ray,21.84,20/04/24,0,Radiology
EQT0644,MRI,4.17,12/07/24,0,ICU
EQT0645,CT Scanner,17.92,11/02/25,1,Outpatient
EQT0646,Ventilator,5.96,29/07/24,0,Surgery
EQT0647,CT Scanner,13.76,18/03/25,0,Outpatient
EQT0648,CT Scanner,18.09,21/07/24,0,Surgery
EQT0649,Ventilator,0.23,04/05/24,0,Radiology
EQT0650,X-ray,18.72,26/04/24,0,ER
EQT0651,CT Scanner,13.87,15/02/25,0,Surgery
EQT0652,Ultrasound,17.17,16/02/25,1,Radiology
EQT0653,CT Scanner,21.76,06/09/24,0,ER
EQT0654,Ultrasound,8.43,18/04/24,0,ICU
EQT0655,Ventilator,12.59,10/01/25,0,Radiology
EQT0656,Ultrasound,13.93,19/02/25,0,Radiology
EQT0657,X-ray,7.8,24/08/24,0,ER
EQT0658,CT Scanner,7.77,19/05/24,0,ER
EQT0659,Ventilator,19.77,11/11/24,0,ER
EQT0660,Ventilator,3.61,30/07/24,0,Surgery
EQT0661,X-ray,16.47,02/07/24,0,ICU
EQT0662,Ultrasound,2.52,10/12/24,0,Radiology
EQT0663,Ultrasound,20.15,12/04/24,0,Outpatient
EQT0664,MRI,0.06,07/03/25,0,ICU
EQT0665,Ventilator,21.44,19/05/24,0,Radiology
EQT0666,Ventilator,22.61,12/11/24,1,ER
EQT0667,Ultrasound,3.97,04/09/24,0,ICU
EQT0668,CT Scanner,17.23,17/09/24,1,ICU
EQT0669,Ultrasound,21.37,02/11/24,0,Outpatient
EQT0670,Ventilator,19.98,22/02/25,0,Radiology
EQT0671,X-ray,0.96,18/07/24,0,Outpatient
EQT0672,X-ray,8.23,12/08/24,0,ICU
EQT0673,X-ray,10.54,23/05/24,0,ICU
EQT0674,X-ray,20.98,31/12/24,0,ICU
EQT0675,Ultrasound,14.83,25/03/25,1,Outpatient
EQT0676,MRI,23.6,20/09/24,1,ICU
EQT0677,Ventilator,21.67,10/01/25,0,ICU
EQT0678,Ventilator,15.39,21/12/24,1,ER
EQT0679,CT Scanner,10.56,09/03/25,0,Radiology
EQT0680,X-ray,10.03,21/04/24,0,Radiology
EQT0681,Ventilator,16.39,28/04/24,0,ER
EQT0682,CT Scanner,6.32,27/10/24,0,Outpatient
EQT0683,Ultrasound,21.21,10/06/24,1,ICU
EQT0684,X-ray,22.81,10/04/24,0,ICU
EQT0685,X-ray,3.84,13/01/25,0,Surgery
EQT0686,X-ray,2.23,09/02/25,0,ER
EQT0687,MRI,22.18,20/08/24,0,ER
EQT0688,Ventilator,12.84,30/11/24,0,ICU
EQT0689,X-ray,7.18,27/03/25,0,Radiology
EQT0690,Ultrasound,11.11,24/04/24,0,Outpatient
EQT0691,Ultrasound,4.75,08/03/25,1,Radiology
EQT0692,X-ray,20.3,05/05/24,1,Surgery
EQT0693,CT Scanner,21.19,29/10/24,0,Surgery
EQT0694,MRI,15.19,17/04/24,0,ER
EQT0695,X-ray,22.37,11/02/25,0,ICU
EQT0696,CT Scanner,4.14,01/06/24,0,Surgery
EQT0697,Ventilator,16.12,14/01/25,0,Surgery
EQT0698,Ventilator,11.01,30/09/24,0,Radiology
EQT0699,Ultrasound,13.55,19/08/24,0,Radiology
EQT0700,X-ray,11.84,03/11/24,1,Outpatient
EQT0701,X-ray,11.59,20/01/25,0,ER
EQT0702,X-ray,16.43,05/12/24,0,Surgery
EQT0703,X-ray,18.69,01/10/24,0,Surgery
EQT0704,MRI,14.73,16/08/24,0,Outpatient
EQT0705,X-ray,20.8,13/12/24,0,ER
EQT0706,Ultrasound,11.99,06/03/25,0,ICU
EQT0707,MRI,2.13,26/08/24,1,Outpatient
EQT0708,X-ray,8.96,21/03/25,0,Outpatient
EQT0709,Ventilator,8.04,10/11/24,0,ER
EQT0710,CT Scanner,19.01,28/03/25,0,Outpatient
EQT0711,X-ray,23.05,31/10/24,0,Radiology
EQT0712,MRI,9.31,05/01/25,0,Outpatient
EQT0713,CT Scanner,0.93,30/01/25,0,ICU
EQT0714,MRI,2,29/12/24,0,ICU
EQT0715,CT Scanner,6.79,21/05/24,0,Outpatient
EQT0716,CT Scanner,10.49,17/12/24,0,ER
EQT0717,MRI,5.89,14/01/25,0,Surgery
EQT0718,Ventilator,13.69,28/03/25,0,ER
EQT0719,Ultrasound,1.59,25/07/24,1,Surgery
EQT0720,Ultrasound,17.66,25/07/24,0,ICU
EQT0721,X-ray,7.11,07/03/25,0,Radiology
EQT0722,Ventilator,17.64,27/10/24,0,Surgery
EQT0723,MRI,9.69,01/01/25,0,ICU
EQT0724,Ventilator,0.22,08/11/24,0,ICU
EQT0725,Ultrasound,13.52,09/11/24,0,ER
EQT0726,CT Scanner,15.97,11/11/24,0,Surgery
EQT0727,MRI,6.82,08/11/24,1,ICU
EQT0728,Ventilator,7.95,31/01/25,0,ER
EQT0729,MRI,21.98,14/02/25,1,Surgery
EQT0730,X-ray,10.48,03/07/24,0,ER
EQT0731,MRI,23.31,15/03/25,0,Radiology
EQT0732,MRI,23.85,23/10/24,0,Outpatient
EQT0733,X-ray,5.07,07/11/24,0,Outpatient
EQT0734,Ultrasound,21.81,25/07/24,0,Radiology
EQT0735,CT Scanner,21.08,09/01/25,0,ER
EQT0736,MRI,21.84,08/03/25,0,Radiology
EQT0737,Ultrasound,1.63,26/07/24,1,ER
EQT0738,Ultrasound,10.82,23/10/24,0,Outpatient
EQT0739,CT Scanner,18.1,18/07/24,0,Radiology
EQT0740,MRI,20.42,26/02/25,0,Radiology
EQT0741,X-ray,23.45,06/12/24,0,ICU
EQT0742,CT Scanner,15.4,01/07/24,0,Outpatient
EQT0743,MRI,3.49,12/08/24,0,ER
EQT0744,CT Scanner,2.15,10/07/24,0,ER
EQT0745,CT Scanner,1.68,17/06/24,0,Radiology
EQT0746,CT Scanner,19.71,12/10/24,0,ER
EQT0747,MRI,8.19,26/06/24,0,ER
EQT0748,Ventilator,12.94,12/12/24,0,Radiology
EQT0749,MRI,3.15,19/09/24,0,ER
EQT0750,CT Scanner,6.52,12/07/24,0,Outpatient
EQT0751,MRI,7.59,15/06/24,0,ICU
EQT0752,CT Scanner,5.74,09/11/24,1,ER
EQT0753,Ventilator,23.18,18/01/25,1,Surgery
EQT0754,MRI,22.74,26/08/24,1,ICU
EQT0755,MRI,3.43,06/12/24,0,ICU
EQT0756,CT Scanner,13.88,01/07/24,0,ICU
EQT0757,Ultrasound,20.11,01/08/24,0,Outpatient
EQT0758,Ventilator,13.15,10/12/24,0,ER
EQT0759,CT Scanner,11.29,11/05/24,0,Surgery
EQT0760,Ultrasound,22.31,26/04/24,0,Outpatient
EQT0761,CT Scanner,20.37,17/08/24,0,Surgery
EQT0762,X-ray,2.35,18/01/25,0,ER
EQT0763,Ventilator,15.77,07/01/25,0,ICU
EQT0764,X-ray,20.56,13/12/24,0,Outpatient
EQT0765,Ventilator,19.09,30/10/24,1,Outpatient
EQT0766,X-ray,12.62,07/03/25,0,Radiology
EQT0767,CT Scanner,7.95,23/05/24,0,ER
EQT0768,MRI,0.97,25/01/25,0,Radiology
EQT0769,X-ray,1.31,03/10/24,0,Surgery
EQT0770,MRI,23.16,13/12/24,1,Surgery
EQT0771,CT Scanner,11.74,05/12/24,1,ER
EQT0772,MRI,15.2,11/09/24,0,ER
EQT0773,CT Scanner,19.96,07/11/24,0,ER
EQT0774,MRI,20.56,19/09/24,1,Surgery
EQT0775,Ultrasound,1.26,11/12/24,0,Radiology
EQT0776,X-ray,8.43,07/04/24,0,ER
EQT0777,X-ray,21,14/03/25,0,ICU
EQT0778,Ultrasound,9.58,06/02/25,1,ER
EQT0779,Ventilator,19.79,20/07/24,0,ICU
EQT0780,Ultrasound,4.5,11/07/24,1,Outpatient
EQT0781,Ventilator,2.29,08/08/24,1,ICU
EQT0782,Ventilator,17.67,04/04/24,0,Outpatient
EQT0783,MRI,8.73,19/04/24,0,ER
EQT0784,CT Scanner,1.05,26/08/24,1,Surgery
EQT0785,CT Scanner,7.87,04/11/24,0,ICU
EQT0786,X-ray,21.66,31/12/24,0,Radiology
EQT0787,X-ray,20.04,12/02/25,0,Radiology
EQT0788,Ultrasound,1.93,02/01/25,0,ICU
EQT0789,X-ray,21.88,15/02/25,0,Radiology
EQT0790,X-ray,17.7,24/09/24,0,Outpatient
EQT0791,Ventilator,18.13,21/12/24,0,Surgery
EQT0792,X-ray,19.94,04/04/24,0,Outpatient
EQT0793,MRI,9.08,26/11/24,0,Radiology
EQT0794,X-ray,12.99,09/03/25,0,Surgery
EQT0795,Ultrasound,18.89,19/06/24,0,ER
EQT0796,Ultrasound,5.83,09/03/25,0,Outpatient
EQT0797,Ultrasound,11.44,20/08/24,1,ER
EQT0798,CT Scanner,13.05,04/02/25,1,ER
EQT0799,Ventilator,22.78,18/06/24,0,Outpatient
EQT0800,Ventilator,11.96,04/07/24,0,Surgery
EQT0801,MRI,5.83,16/09/24,0,ER
EQT0802,Ventilator,12.32,07/11/24,0,ER
EQT0803,Ventilator,15.44,16/07/24,0,ER
EQT0804,CT Scanner,23.92,14/07/24,0,Outpatient
EQT0805,CT Scanner,21.07,23/08/24,0,ICU
EQT0806,Ventilator,17.97,19/04/24,0,ICU
EQT0807,Ventilator,4.28,18/05/24,0,Outpatient
EQT0808,X-ray,21.51,15/09/24,0,ICU
EQT0809,MRI,21.97,24/03/25,0,ICU
EQT0810,CT Scanner,15.79,04/06/24,1,ICU
EQT0811,X-ray,14.53,04/02/25,0,Outpatient
EQT0812,Ventilator,14.22,11/09/24,0,Outpatient
EQT0813,Ventilator,4.28,21/08/24,0,Surgery
EQT0814,CT Scanner,5.69,20/12/24,0,ICU
EQT0815,Ventilator,3.03,15/06/24,0,ER
EQT0816,Ultrasound,21.36,31/01/25,1,ICU
EQT0817,X-ray,6.32,16/11/24,0,ICU
EQT0818,MRI,11.11,21/01/25,0,Surgery
EQT0819,X-ray,19.18,12/06/24,0,ICU
EQT0820,Ultrasound,8.83,26/07/24,1,ER
EQT0821,X-ray,1.27,29/01/25,1,Radiology
EQT0822,X-ray,13.71,07/02/25,0,Outpatient
EQT0823,X-ray,16.02,22/06/24,0,Radiology
EQT0824,CT Scanner,21.99,15/03/25,0,Surgery
EQT0825,CT Scanner,16.89,06/09/24,1,ER
EQT0826,X-ray,3.02,14/11/24,0,ICU
EQT0827,MRI,5.21,18/03/25,0,ER
EQT0828,Ultrasound,11.54,30/10/24,1,Radiology
EQT0829,MRI,14.64,26/04/24,0,ICU
EQT0830,CT Scanner,19.4,25/02/25,0,Outpatient
EQT0831,X-ray,18.73,07/03/25,1,Outpatient
EQT0832,X-ray,5.6,05/01/25,1,ICU
EQT0833,CT Scanner,9.36,12/01/25,0,Outpatient
EQT0834,Ventilator,20.11,07/10/24,0,Outpatient
EQT0835,X-ray,5.59,11/10/24,1,Radiology
EQT0836,Ultrasound,10.88,03/10/24,1,Outpatient
EQT0837,Ventilator,19.71,07/01/25,0,ICU
EQT0838,CT Scanner,16.34,08/01/25,1,ER
EQT0839,MRI,9.26,16/06/24,0,ER
EQT0840,X-ray,3.64,28/10/24,0,Outpatient
EQT0841,MRI,20.95,15/01/25,1,ER
EQT0842,MRI,16.22,19/05/24,0,ICU
EQT0843,X-ray,12.07,25/10/24,0,Radiology
EQT0844,Ultrasound,5.38,10/09/24,0,ICU
EQT0845,CT Scanner,23.04,09/01/25,1,ICU
EQT0846,X-ray,16.57,03/07/24,0,Radiology
EQT0847,Ultrasound,10.38,11/12/24,0,Surgery
EQT0848,Ultrasound,6.19,07/09/24,0,ER
EQT0849,Ultrasound,4.14,28/03/25,0,Outpatient
EQT0850,Ventilator,12.72,21/07/24,0,Outpatient
EQT0851,Ultrasound,23.66,16/03/25,1,Outpatient
EQT0852,MRI,0.86,13/05/24,0,Radiology
EQT0853,Ultrasound,7.41,27/07/24,0,Outpatient
EQT0854,Ultrasound,23.67,23/02/25,0,ER
EQT0855,Ventilator,10.38,04/04/24,0,ICU
EQT0856,MRI,0.35,17/11/24,0,Radiology
EQT0857,MRI,12.47,03/07/24,0,ER
EQT0858,MRI,5.87,26/04/24,0,Surgery
EQT0859,MRI,0.89,18/04/24,0,Radiology
EQT0860,Ventilator,14.36,22/04/24,0,ICU
EQT0861,Ventilator,11.64,16/03/25,0,Outpatient
EQT0862,X-ray,4.29,24/09/24,0,ER
EQT0863,X-ray,1.74,28/02/25,1,ICU
EQT0864,Ultrasound,3,23/06/24,0,ICU
EQT0865,Ultrasound,1.33,23/10/24,0,Surgery
EQT0866,X-ray,17.06,11/08/24,0,Surgery
EQT0867,X-ray,21.07,19/07/24,0,Radiology
EQT0868,X-ray,11.56,14/02/25,0,ICU
EQT0869,MRI,8.27,30/08/24,0,ICU
EQT0870,Ventilator,4.51,02/10/24,0,Outpatient
EQT0871,Ultrasound,3.46,18/07/24,0,Outpatient
EQT0872,X-ray,19.68,03/10/24,0,ICU
EQT0873,MRI,23.87,09/08/24,0,Radiology
EQT0874,Ventilator,18.31,02/10/24,0,Radiology
EQT0875,MRI,10.22,24/08/24,0,ER
EQT0876,CT Scanner,2.16,29/07/24,1,ER
EQT0877,Ventilator,4.28,08/10/24,0,ER
EQT0878,Ventilator,16.52,29/04/24,0,ICU
EQT0879,CT Scanner,0.77,31/05/24,0,Outpatient
EQT0880,Ventilator,18.5,22/11/24,0,Surgery
EQT0881,CT Scanner,17.01,16/07/24,1,Surgery
EQT0882,Ultrasound,14.77,05/12/24,1,Radiology
EQT0883,Ventilator,6.82,13/10/24,0,ICU
EQT0884,Ventilator,22.25,13/01/25,0,Outpatient
EQT0885,MRI,5.22,02/09/24,0,ICU
EQT0886,Ultrasound,16.24,06/02/25,0,ER
EQT0887,MRI,15.61,30/07/24,0,Outpatient
EQT0888,Ultrasound,5.5,14/01/25,0,Surgery
EQT0889,CT Scanner,10.61,20/04/24,1,Radiology
EQT0890,MRI,20.41,13/01/25,1,ER
EQT0891,Ultrasound,11.06,13/09/24,0,Surgery
EQT0892,Ventilator,5.8,01/04/25,0,Surgery
EQT0893,Ventilator,23.85,27/10/24,1,ER
EQT0894,Ventilator,13.56,15/02/25,0,Outpatient
EQT0895,CT Scanner,13.79,28/06/24,1,ER
EQT0896,Ultrasound,14.92,16/04/24,0,Radiology
EQT0897,MRI,15.87,17/05/24,0,Surgery
EQT0898,Ventilator,13.3,19/04/24,0,Radiology
EQT0899,X-ray,18.98,14/06/24,0,Radiology
EQT0900,CT Scanner,15.34,26/09/24,1,Outpatient
EQT0901,Ventilator,2.4,09/12/24,0,Radiology
EQT0902,CT Scanner,4.84,12/08/24,0,ICU
EQT0903,X-ray,3.87,30/11/24,0,Surgery
EQT0904,CT Scanner,2.43,07/04/24,0,Surgery
EQT0905,Ultrasound,5.37,29/08/24,1,ICU
EQT0906,Ventilator,17.99,23/04/24,0,Surgery
EQT0907,X-ray,5.77,19/12/24,0,Radiology
EQT0908,X-ray,14.44,02/05/24,0,Outpatient
EQT0909,MRI,10.19,12/02/25,0,Radiology
EQT0910,Ultrasound,20.41,21/04/24,0,ICU
EQT0911,Ventilator,22.58,04/02/25,0,Surgery
EQT0912,Ventilator,7.78,21/10/24,1,ICU
EQT0913,X-ray,16.58,14/01/25,0,ICU
EQT0914,MRI,12.68,08/07/24,0,ICU
EQT0915,MRI,24,15/03/25,0,ER
EQT0916,Ventilator,12.92,11/01/25,0,Surgery
EQT0917,Ultrasound,2.49,03/11/24,0,ER
EQT0918,CT Scanner,12.21,23/02/25,1,ICU
EQT0919,X-ray,3.74,27/01/25,0,ER
EQT0920,CT Scanner,0.27,20/12/24,0,ER
EQT0921,Ventilator,23.19,27/12/24,0,Outpatient
EQT0922,CT Scanner,11.39,27/11/24,0,Surgery
EQT0923,MRI,14.2,30/06/24,0,ER
EQT0924,MRI,4.25,14/06/24,0,Surgery
EQT0925,Ultrasound,3.58,18/06/24,0,Radiology
EQT0926,Ventilator,4.49,06/07/24,0,Radiology
EQT0927,CT Scanner,21.36,18/10/24,0,Radiology
EQT0928,Ultrasound,10.36,10/05/24,0,Outpatient
EQT0929,X-ray,14.81,10/11/24,0,ER
EQT0930,MRI,4.06,23/06/24,0,ER
EQT0931,CT Scanner,16.18,23/01/25,0,Outpatient
EQT0932,Ventilator,23.28,03/03/25,0,ER
EQT0933,CT Scanner,18.96,30/09/24,0,Surgery
EQT0934,CT Scanner,6.78,22/04/24,0,Outpatient
EQT0935,MRI,5.62,18/10/24,0,Surgery
EQT0936,Ultrasound,5.86,22/11/24,0,ICU
EQT0937,X-ray,0.39,31/12/24,0,Radiology
EQT0938,CT Scanner,20.29,13/11/24,0,Surgery
EQT0939,Ventilator,1.32,12/10/24,0,ICU
EQT0940,Ventilator,7.86,03/10/24,0,Outpatient
EQT0941,Ultrasound,12.08,23/09/24,0,Radiology
EQT0942,CT Scanner,3.9,22/11/24,0,Surgery
EQT0943,CT Scanner,9.47,13/05/24,0,Outpatient
EQT0944,Ultrasound,1.86,06/08/24,1,ICU
EQT0945,MRI,22.65,25/09/24,0,ER
EQT0946,Ventilator,20.43,17/10/24,0,ER
EQT0947,Ultrasound,4.27,06/05/24,0,Surgery
EQT0948,Ultrasound,3.12,07/04/24,0,Surgery
EQT0949,X-ray,6.85,12/02/25,0,Surgery
EQT0950,Ventilator,20.59,22/03/25,0,ICU
EQT0951,MRI,3.75,14/08/24,0,Radiology
EQT0952,X-ray,6.75,08/12/24,0,Surgery
EQT0953,MRI,5.46,06/01/25,0,Radiology
EQT0954,CT Scanner,4.67,22/05/24,0,Surgery
EQT0955,MRI,18.36,03/04/25,0,Surgery
EQT0956,MRI,1.49,09/04/24,0,ICU
EQT0957,MRI,22.65,05/04/24,1,ER
EQT0958,CT Scanner,18.87,02/05/24,0,Radiology
EQT0959,X-ray,20.64,02/12/24,0,Surgery
EQT0960,CT Scanner,11.03,24/05/24,0,ER
EQT0961,Ventilator,16.5,29/04/24,0,Outpatient
EQT0962,CT Scanner,11.62,14/03/25,0,ICU
EQT0963,CT Scanner,2.41,16/04/24,0,ICU
EQT0964,Ultrasound,22.86,20/11/24,0,ICU
EQT0965,Ultrasound,9.28,14/02/25,0,Outpatient
EQT0966,X-ray,2.25,25/02/25,0,ER
EQT0967,CT Scanner,13.3,25/06/24,0,Outpatient
EQT0968,X-ray,5.18,04/08/24,0,Outpatient
EQT0969,MRI,2.89,02/10/24,0,ICU
EQT0970,X-ray,2.87,12/01/25,0,Radiology
EQT0971,Ultrasound,20.37,07/01/25,0,Radiology
EQT0972,CT Scanner,6.42,23/11/24,0,Outpatient
EQT0973,X-ray,5.59,03/03/25,0,Radiology
EQT0974,Ventilator,0.63,03/03/25,1,Outpatient
EQT0975,Ventilator,1.53,27/08/24,0,Outpatient
EQT0976,Ventilator,10.84,26/01/25,1,Outpatient
EQT0977,X-ray,23.29,26/01/25,1,Radiology
EQT0978,CT Scanner,14.12,05/09/24,0,ER
EQT0979,X-ray,17.73,20/05/24,0,ER
EQT0980,MRI,21.81,05/04/24,0,ICU
EQT0981,CT Scanner,18.08,21/01/25,0,Radiology
EQT0982,CT Scanner,12.44,03/01/25,0,Surgery
EQT0983,Ventilator,23.58,02/09/24,0,ICU
EQT0984,Ultrasound,22.34,15/03/25,0,ER
EQT0985,MRI,18.07,05/01/25,0,Outpatient
EQT0986,Ultrasound,13.89,11/11/24,0,Outpatient
EQT0987,X-ray,0.56,28/02/25,1,Outpatient
EQT0988,MRI,8.32,17/06/24,0,Surgery
EQT0989,CT Scanner,15.29,28/04/24,0,Surgery
EQT0990,Ventilator,3.54,17/10/24,0,Outpatient
EQT0991,MRI,5.15,25/10/24,1,Outpatient
EQT0992,Ultrasound,20.96,17/08/24,0,Radiology
EQT0993,Ventilator,4.31,10/10/24,0,ER
EQT0994,Ultrasound,21.57,27/05/24,0,Surgery
EQT0995,CT Scanner,17.96,06/07/24,0,Radiology
EQT0996,X-ray,16.95,25/01/25,0,Outpatient
EQT0997,Ventilator,17.91,11/12/24,0,Outpatient
EQT0998,CT Scanner,14.1,16/10/24,0,Radiology
EQT0999,MRI,23.01,06/09/24,0,Outpatient
EQT1000,Ventilator,9.68,08/09/24,0,Surgery